Name,SVM,1vs1,1vsR,RF
Precision (mean),0.8299329127670761,0.8612026037640073,0.8490413656690748,0.8273022592875534
Recall (mean),0.825,0.8566666666666668,0.8466666666666667,0.8233333333333335
Precision (std),0.024541099216091364,0.02506710196000367,0.03174583744645084,0.03231123849067991
Recall (std),0.02499999999999998,0.02134374745810947,0.029627314724385304,0.0334995854037363
